startDate,calendarMonth,year,days,endDate,fiscalPeriod,period,status
2006-01-13T19:00:00.000Z,1,2006,31,2006-02-13T19:00:00.000Z,9,2006-9,0
2041-12-13T19:00:00.000Z,12,2041,31,2042-01-13T19:00:00.000Z,8,2042-8,0
2010-03-13T19:00:00.000Z,3,2010,31,2010-04-13T19:00:00.000Z,11,2010-11,0
2041-06-13T19:00:00.000Z,6,2041,30,2041-07-13T19:00:00.000Z,2,2042-2,0
2016-06-13T19:00:00.000Z,6,2016,30,2016-07-13T19:00:00.000Z,2,2017-2,0
2029-09-13T19:00:00.000Z,9,2029,30,2029-10-13T19:00:00.000Z,5,2030-5,0
2031-01-13T19:00:00.000Z,1,2031,31,2031-02-13T19:00:00.000Z,9,2031-9,0
2044-03-13T19:00:00.000Z,3,2044,31,2044-04-13T19:00:00.000Z,11,2044-11,0
2012-10-13T19:00:00.000Z,10,2012,31,2012-11-13T19:00:00.000Z,6,2013-6,0
2042-05-13T19:00:00.000Z,5,2042,31,2042-06-13T19:00:00.000Z,1,2043-1,0
2050-05-13T19:00:00.000Z,5,2050,31,2050-06-13T19:00:00.000Z,1,2051-1,0
2059-05-13T19:00:00.000Z,5,2059,31,2059-06-13T19:00:00.000Z,1,2060-1,0
2011-11-13T19:00:00.000Z,11,2011,30,2011-12-13T19:00:00.000Z,7,2012-7,0
2039-11-13T19:00:00.000Z,11,2039,30,2039-12-13T19:00:00.000Z,7,2040-7,0
2057-11-13T19:00:00.000Z,11,2057,30,2057-12-13T19:00:00.000Z,7,2058-7,0
2039-05-13T19:00:00.000Z,5,2039,31,2039-06-13T19:00:00.000Z,1,2040-1,0
2005-08-13T19:00:00.000Z,8,2005,31,2005-09-13T19:00:00.000Z,4,2006-4,0
2016-12-13T19:00:00.000Z,12,2016,31,2017-01-13T19:00:00.000Z,8,2017-8,0
2027-07-13T19:00:00.000Z,7,2027,31,2027-08-13T19:00:00.000Z,3,2028-3,0
2038-02-13T19:00:00.000Z,2,2038,28,2038-03-13T19:00:00.000Z,10,2038-10,0
2052-06-13T19:00:00.000Z,6,2052,30,2052-07-13T19:00:00.000Z,2,2053-2,0
2017-05-13T19:00:00.000Z,5,2017,31,2017-06-13T19:00:00.000Z,1,2018-1,0
2042-04-13T19:00:00.000Z,4,2042,30,2042-05-13T19:00:00.000Z,12,2042-12,0
2001-09-13T19:00:00.000Z,9,2001,30,2001-10-13T19:00:00.000Z,5,2002-5,0
2034-01-13T19:00:00.000Z,1,2034,31,2034-02-13T19:00:00.000Z,9,2034-9,0
2009-10-13T18:00:00.000Z,10,2009,31,2009-11-13T19:00:00.000Z,6,2010-6,0
2007-09-13T19:00:00.000Z,9,2007,30,2007-10-13T19:00:00.000Z,5,2008-5,0
2045-05-13T19:00:00.000Z,5,2045,31,2045-06-13T19:00:00.000Z,1,2046-1,0
2052-12-13T19:00:00.000Z,12,2052,31,2053-01-13T19:00:00.000Z,8,2053-8,0
2016-03-13T19:00:00.000Z,3,2016,31,2016-04-13T19:00:00.000Z,11,2016-11,0
2013-12-13T19:00:00.000Z,12,2013,31,2014-01-13T19:00:00.000Z,8,2014-8,0
2037-11-13T19:00:00.000Z,11,2037,30,2037-12-13T19:00:00.000Z,7,2038-7,0
2049-09-13T19:00:00.000Z,9,2049,30,2049-10-13T19:00:00.000Z,5,2050-5,0
2051-01-13T19:00:00.000Z,1,2051,31,2051-02-13T19:00:00.000Z,9,2051-9,0
2015-02-13T19:00:00.000Z,2,2015,28,2015-03-13T19:00:00.000Z,10,2015-10,0
2018-10-13T19:00:00.000Z,10,2018,31,2018-11-13T19:00:00.000Z,6,2019-6,0
2059-11-13T19:00:00.000Z,11,2059,30,2059-12-13T19:00:00.000Z,7,2060-7,0
2025-04-13T19:00:00.000Z,4,2025,30,2025-05-13T19:00:00.000Z,12,2025-12,0
2047-06-13T19:00:00.000Z,6,2047,30,2047-07-13T19:00:00.000Z,2,2048-2,0
2049-01-13T19:00:00.000Z,1,2049,31,2049-02-13T19:00:00.000Z,9,2049-9,0
2008-08-13T18:00:00.000Z,8,2008,31,2008-09-13T18:00:00.000Z,4,2009-4,0
2058-07-13T19:00:00.000Z,7,2058,31,2058-08-13T19:00:00.000Z,3,2059-3,0
2009-01-13T19:00:00.000Z,1,2009,31,2009-02-13T19:00:00.000Z,9,2009-9,0
2048-05-13T19:00:00.000Z,5,2048,31,2048-06-13T19:00:00.000Z,1,2049-1,0
2048-11-13T19:00:00.000Z,11,2048,30,2048-12-13T19:00:00.000Z,7,2049-7,0
2024-02-13T19:00:00.000Z,2,2024,29,2024-03-13T19:00:00.000Z,10,2024-10,0
2010-06-13T19:00:00.000Z,6,2010,30,2010-07-13T19:00:00.000Z,2,2011-2,0
2010-12-13T19:00:00.000Z,12,2010,31,2011-01-13T19:00:00.000Z,8,2011-8,0
2019-05-13T19:00:00.000Z,5,2019,31,2019-06-13T19:00:00.000Z,1,2020-1,0
2035-10-13T19:00:00.000Z,10,2035,31,2035-11-13T19:00:00.000Z,6,2036-6,0
2036-08-13T19:00:00.000Z,8,2036,31,2036-09-13T19:00:00.000Z,4,2037-4,0
2053-08-13T19:00:00.000Z,8,2053,31,2053-09-13T19:00:00.000Z,4,2054-4,0
2034-11-13T19:00:00.000Z,11,2034,30,2034-12-13T19:00:00.000Z,7,2035-7,0
2035-09-13T19:00:00.000Z,9,2035,30,2035-10-13T19:00:00.000Z,5,2036-5,0
2026-01-13T19:00:00.000Z,1,2026,31,2026-02-13T19:00:00.000Z,9,2026-9,0
2043-02-13T19:00:00.000Z,2,2043,28,2043-03-13T19:00:00.000Z,10,2043-10,0
2037-05-13T19:00:00.000Z,5,2037,31,2037-06-13T19:00:00.000Z,1,2038-1,0
2049-04-13T19:00:00.000Z,4,2049,30,2049-05-13T19:00:00.000Z,12,2049-12,0
2033-08-13T19:00:00.000Z,8,2033,31,2033-09-13T19:00:00.000Z,4,2034-4,0
2021-07-13T19:00:00.000Z,7,2021,31,2021-08-13T19:00:00.000Z,3,2022-3,0
2032-10-13T19:00:00.000Z,10,2032,31,2032-11-13T19:00:00.000Z,6,2033-6,0
2011-01-13T19:00:00.000Z,1,2011,31,2011-02-13T19:00:00.000Z,9,2011-9,0
2054-02-13T19:00:00.000Z,2,2054,28,2054-03-13T19:00:00.000Z,10,2054-10,0
2055-09-13T19:00:00.000Z,9,2055,30,2055-10-13T19:00:00.000Z,5,2056-5,0
2007-07-13T19:00:00.000Z,7,2007,31,2007-08-13T19:00:00.000Z,3,2008-3,0
2052-07-13T19:00:00.000Z,7,2052,31,2052-08-13T19:00:00.000Z,3,2053-3,0
2028-08-13T19:00:00.000Z,8,2028,31,2028-09-13T19:00:00.000Z,4,2029-4,0
2036-04-13T19:00:00.000Z,4,2036,30,2036-05-13T19:00:00.000Z,12,2036-12,0
2044-06-13T19:00:00.000Z,6,2044,30,2044-07-13T19:00:00.000Z,2,2045-2,0
2057-01-13T19:00:00.000Z,1,2057,31,2057-02-13T19:00:00.000Z,9,2057-9,0
2005-03-13T19:00:00.000Z,3,2005,31,2005-04-13T19:00:00.000Z,11,2005-11,0
2021-09-13T19:00:00.000Z,9,2021,30,2021-10-13T19:00:00.000Z,5,2022-5,0
2058-12-13T19:00:00.000Z,12,2058,31,2059-01-13T19:00:00.000Z,8,2059-8,0
2047-12-13T19:00:00.000Z,12,2047,31,2048-01-13T19:00:00.000Z,8,2048-8,0
2042-11-13T19:00:00.000Z,11,2042,30,2042-12-13T19:00:00.000Z,7,2043-7,0
2014-05-13T19:00:00.000Z,5,2014,31,2014-06-13T19:00:00.000Z,1,2015-1,0
2022-03-13T19:00:00.000Z,3,2022,31,2022-04-13T19:00:00.000Z,11,2022-11,0
2014-11-13T19:00:00.000Z,11,2014,30,2014-12-13T19:00:00.000Z,7,2015-7,0
2040-10-13T19:00:00.000Z,10,2040,31,2040-11-13T19:00:00.000Z,6,2041-6,0
2003-01-13T19:00:00.000Z,1,2003,31,2003-02-13T19:00:00.000Z,9,2003-9,0
2030-04-13T19:00:00.000Z,4,2030,30,2030-05-13T19:00:00.000Z,12,2030-12,0
2016-07-13T19:00:00.000Z,7,2016,31,2016-08-13T19:00:00.000Z,3,2017-3,0
2019-04-13T19:00:00.000Z,4,2019,30,2019-05-13T19:00:00.000Z,12,2019-12,0
2022-11-13T19:00:00.000Z,11,2022,30,2022-12-13T19:00:00.000Z,7,2023-7,0
2026-04-13T19:00:00.000Z,4,2026,30,2026-05-13T19:00:00.000Z,12,2026-12,0
2008-06-13T18:00:00.000Z,6,2008,30,2008-07-13T18:00:00.000Z,2,2009-2,0
2056-08-13T19:00:00.000Z,8,2056,31,2056-09-13T19:00:00.000Z,4,2057-4,0
2019-08-13T19:00:00.000Z,8,2019,31,2019-09-13T19:00:00.000Z,4,2020-4,0
2031-05-13T19:00:00.000Z,5,2031,31,2031-06-13T19:00:00.000Z,1,2032-1,0
2041-07-13T19:00:00.000Z,7,2041,31,2041-08-13T19:00:00.000Z,3,2042-3,0
2054-03-13T19:00:00.000Z,3,2054,31,2054-04-13T19:00:00.000Z,11,2054-11,0
2058-04-13T19:00:00.000Z,4,2058,30,2058-05-13T19:00:00.000Z,12,2058-12,0
2040-09-13T19:00:00.000Z,9,2040,30,2040-10-13T19:00:00.000Z,5,2041-5,0
2004-10-13T19:00:00.000Z,10,2004,31,2004-11-13T19:00:00.000Z,6,2005-6,0
2028-05-13T19:00:00.000Z,5,2028,31,2028-06-13T19:00:00.000Z,1,2029-1,0
2033-02-13T19:00:00.000Z,2,2033,28,2033-03-13T19:00:00.000Z,10,2033-10,0
2005-12-13T19:00:00.000Z,12,2005,31,2006-01-13T19:00:00.000Z,8,2006-8,0
2054-01-13T19:00:00.000Z,1,2054,31,2054-02-13T19:00:00.000Z,9,2054-9,0
2032-07-13T19:00:00.000Z,7,2032,31,2032-08-13T19:00:00.000Z,3,2033-3,0
2047-04-13T19:00:00.000Z,4,2047,30,2047-05-13T19:00:00.000Z,12,2047-12,0
2002-04-13T18:00:00.000Z,4,2002,30,2002-05-13T18:00:00.000Z,12,2002-12,0
2038-03-13T19:00:00.000Z,3,2038,31,2038-04-13T19:00:00.000Z,11,2038-11,0
2008-02-13T19:00:00.000Z,2,2008,29,2008-03-13T19:00:00.000Z,10,2008-10,0
2022-05-13T19:00:00.000Z,5,2022,31,2022-06-13T19:00:00.000Z,1,2023-1,0
2053-12-13T19:00:00.000Z,12,2053,31,2054-01-13T19:00:00.000Z,8,2054-8,0
2024-12-13T19:00:00.000Z,12,2024,31,2025-01-13T19:00:00.000Z,8,2025-8,0
2034-05-13T19:00:00.000Z,5,2034,31,2034-06-13T19:00:00.000Z,1,2035-1,0
2052-09-13T19:00:00.000Z,9,2052,30,2052-10-13T19:00:00.000Z,5,2053-5,0
2009-04-13T19:00:00.000Z,4,2009,30,2009-05-13T18:00:00.000Z,12,2009-12,0
2010-08-13T19:00:00.000Z,8,2010,31,2010-09-13T19:00:00.000Z,4,2011-4,0
2050-01-13T19:00:00.000Z,1,2050,31,2050-02-13T19:00:00.000Z,9,2050-9,0
2046-10-13T19:00:00.000Z,10,2046,31,2046-11-13T19:00:00.000Z,6,2047-6,0
2049-10-13T19:00:00.000Z,10,2049,31,2049-11-13T19:00:00.000Z,6,2050-6,0
2030-12-13T19:00:00.000Z,12,2030,31,2031-01-13T19:00:00.000Z,8,2031-8,0
2024-09-13T19:00:00.000Z,9,2024,30,2024-10-13T19:00:00.000Z,5,2025-5,0
2048-01-13T19:00:00.000Z,1,2048,31,2048-02-13T19:00:00.000Z,9,2048-9,0
2053-04-13T19:00:00.000Z,4,2053,30,2053-05-13T19:00:00.000Z,12,2053-12,0
2055-07-13T19:00:00.000Z,7,2055,31,2055-08-13T19:00:00.000Z,3,2056-3,0
2021-06-13T19:00:00.000Z,6,2021,30,2021-07-13T19:00:00.000Z,2,2022-2,0
2029-12-13T19:00:00.000Z,12,2029,31,2030-01-13T19:00:00.000Z,8,2030-8,0
2000-10-13T19:00:00.000Z,10,2000,31,2000-11-13T19:00:00.000Z,6,2001-6,0
2043-01-13T19:00:00.000Z,1,2043,31,2043-02-13T19:00:00.000Z,9,2043-9,0
2041-09-13T19:00:00.000Z,9,2041,30,2041-10-13T19:00:00.000Z,5,2042-5,0
2004-06-13T19:00:00.000Z,6,2004,30,2004-07-13T19:00:00.000Z,2,2005-2,0
2029-07-13T19:00:00.000Z,7,2029,31,2029-08-13T19:00:00.000Z,3,2030-3,0
2017-03-13T19:00:00.000Z,3,2017,31,2017-04-13T19:00:00.000Z,11,2017-11,0
2033-03-13T19:00:00.000Z,3,2033,31,2033-04-13T19:00:00.000Z,11,2033-11,0
2055-03-13T19:00:00.000Z,3,2055,31,2055-04-13T19:00:00.000Z,11,2055-11,0
2030-05-13T19:00:00.000Z,5,2030,31,2030-06-13T19:00:00.000Z,1,2031-1,0
2037-01-13T19:00:00.000Z,1,2037,31,2037-02-13T19:00:00.000Z,9,2037-9,0
2058-06-13T19:00:00.000Z,6,2058,30,2058-07-13T19:00:00.000Z,2,2059-2,0
2021-12-13T19:00:00.000Z,12,2021,31,2022-01-13T19:00:00.000Z,8,2022-8,0
2057-05-13T19:00:00.000Z,5,2057,31,2057-06-13T19:00:00.000Z,1,2058-1,0
2050-11-13T19:00:00.000Z,11,2050,30,2050-12-13T19:00:00.000Z,7,2051-7,0
2026-11-13T19:00:00.000Z,11,2026,30,2026-12-13T19:00:00.000Z,7,2027-7,0
2027-09-13T19:00:00.000Z,9,2027,30,2027-10-13T19:00:00.000Z,5,2028-5,0
2031-04-13T19:00:00.000Z,4,2031,30,2031-05-13T19:00:00.000Z,12,2031-12,0
2021-02-13T19:00:00.000Z,2,2021,28,2021-03-13T19:00:00.000Z,10,2021-10,0
2044-08-13T19:00:00.000Z,8,2044,31,2044-09-13T19:00:00.000Z,4,2045-4,0
2018-09-13T19:00:00.000Z,9,2018,30,2018-10-13T19:00:00.000Z,5,2019-5,0
2043-10-13T19:00:00.000Z,10,2043,31,2043-11-13T19:00:00.000Z,6,2044-6,0
2053-06-13T19:00:00.000Z,6,2053,30,2053-07-13T19:00:00.000Z,2,2054-2,0
2037-02-13T19:00:00.000Z,2,2037,28,2037-03-13T19:00:00.000Z,10,2037-10,0
2007-12-13T19:00:00.000Z,12,2007,31,2008-01-13T19:00:00.000Z,8,2008-8,0
2017-11-13T19:00:00.000Z,11,2017,30,2017-12-13T19:00:00.000Z,7,2018-7,0
2043-04-13T19:00:00.000Z,4,2043,30,2043-05-13T19:00:00.000Z,12,2043-12,0
2031-11-13T19:00:00.000Z,11,2031,30,2031-12-13T19:00:00.000Z,7,2032-7,0
2038-10-13T19:00:00.000Z,10,2038,31,2038-11-13T19:00:00.000Z,6,2039-6,0
2013-06-13T19:00:00.000Z,6,2013,30,2013-07-13T19:00:00.000Z,2,2014-2,0
2048-08-13T19:00:00.000Z,8,2048,31,2048-09-13T19:00:00.000Z,4,2049-4,0
2004-03-13T19:00:00.000Z,3,2004,31,2004-04-13T19:00:00.000Z,11,2004-11,0
2032-09-13T19:00:00.000Z,9,2032,30,2032-10-13T19:00:00.000Z,5,2033-5,0
2001-10-13T19:00:00.000Z,10,2001,31,2001-11-13T19:00:00.000Z,6,2002-6,0
2024-07-13T19:00:00.000Z,7,2024,31,2024-08-13T19:00:00.000Z,3,2025-3,0
2055-02-13T19:00:00.000Z,2,2055,28,2055-03-13T19:00:00.000Z,10,2055-10,0
2005-06-13T19:00:00.000Z,6,2005,30,2005-07-13T19:00:00.000Z,2,2006-2,0
2051-03-13T19:00:00.000Z,3,2051,31,2051-04-13T19:00:00.000Z,11,2051-11,0
2054-10-13T19:00:00.000Z,10,2054,31,2054-11-13T19:00:00.000Z,6,2055-6,0
2051-02-13T19:00:00.000Z,2,2051,28,2051-03-13T19:00:00.000Z,10,2051-10,0
2002-08-13T18:00:00.000Z,8,2002,31,2002-09-13T18:00:00.000Z,4,2003-4,0
2025-05-13T19:00:00.000Z,5,2025,31,2025-06-13T19:00:00.000Z,1,2026-1,0
2029-01-13T19:00:00.000Z,1,2029,31,2029-02-13T19:00:00.000Z,9,2029-9,0
2042-01-13T19:00:00.000Z,1,2042,31,2042-02-13T19:00:00.000Z,9,2042-9,0
2025-11-13T19:00:00.000Z,11,2025,30,2025-12-13T19:00:00.000Z,7,2026-7,0
2021-03-13T19:00:00.000Z,3,2021,31,2021-04-13T19:00:00.000Z,11,2021-11,0
2045-08-13T19:00:00.000Z,8,2045,31,2045-09-13T19:00:00.000Z,4,2046-4,0
2008-12-13T19:00:00.000Z,12,2008,31,2009-01-13T19:00:00.000Z,8,2009-8,0
2014-04-13T19:00:00.000Z,4,2014,30,2014-05-13T19:00:00.000Z,12,2014-12,0
2023-09-13T19:00:00.000Z,9,2023,30,2023-10-13T19:00:00.000Z,5,2024-5,0
2004-04-13T19:00:00.000Z,4,2004,30,2004-05-13T19:00:00.000Z,12,2004-12,0
2036-05-13T19:00:00.000Z,5,2036,31,2036-06-13T19:00:00.000Z,1,2037-1,0
2037-08-13T19:00:00.000Z,8,2037,31,2037-09-13T19:00:00.000Z,4,2038-4,0
2053-05-13T19:00:00.000Z,5,2053,31,2053-06-13T19:00:00.000Z,1,2054-1,0
2006-03-13T19:00:00.000Z,3,2006,31,2006-04-13T19:00:00.000Z,11,2006-11,0
2030-07-13T19:00:00.000Z,7,2030,31,2030-08-13T19:00:00.000Z,3,2031-3,0
2022-12-13T19:00:00.000Z,12,2022,31,2023-01-13T19:00:00.000Z,8,2023-8,0
2046-11-13T19:00:00.000Z,11,2046,30,2046-12-13T19:00:00.000Z,7,2047-7,0
2036-09-13T19:00:00.000Z,9,2036,30,2036-10-13T19:00:00.000Z,5,2037-5,0
2046-07-13T19:00:00.000Z,7,2046,31,2046-08-13T19:00:00.000Z,3,2047-3,0
2038-04-13T19:00:00.000Z,4,2038,30,2038-05-13T19:00:00.000Z,12,2038-12,0
2009-06-13T18:00:00.000Z,6,2009,30,2009-07-13T18:00:00.000Z,2,2010-2,0
2020-05-13T19:00:00.000Z,5,2020,31,2020-06-13T19:00:00.000Z,1,2021-1,0
2006-10-13T19:00:00.000Z,10,2006,31,2006-11-13T19:00:00.000Z,6,2007-6,0
2055-06-13T19:00:00.000Z,6,2055,30,2055-07-13T19:00:00.000Z,2,2056-2,0
2022-06-13T19:00:00.000Z,6,2022,30,2022-07-13T19:00:00.000Z,2,2023-2,0
2049-03-13T19:00:00.000Z,3,2049,31,2049-04-13T19:00:00.000Z,11,2049-11,0
2014-02-13T19:00:00.000Z,2,2014,28,2014-03-13T19:00:00.000Z,10,2014-10,0
2021-10-13T19:00:00.000Z,10,2021,31,2021-11-13T19:00:00.000Z,6,2022-6,0
2015-01-13T19:00:00.000Z,1,2015,31,2015-02-13T19:00:00.000Z,9,2015-9,0
2031-03-13T19:00:00.000Z,3,2031,31,2031-04-13T19:00:00.000Z,11,2031-11,0
2054-05-13T19:00:00.000Z,5,2054,31,2054-06-13T19:00:00.000Z,1,2055-1,0
2056-03-13T19:00:00.000Z,3,2056,31,2056-04-13T19:00:00.000Z,11,2056-11,0
2020-09-13T19:00:00.000Z,9,2020,30,2020-10-13T19:00:00.000Z,5,2021-5,0
2043-07-13T19:00:00.000Z,7,2043,31,2043-08-13T19:00:00.000Z,3,2044-3,0
2007-06-13T19:00:00.000Z,6,2007,30,2007-07-13T19:00:00.000Z,2,2008-2,0
2021-04-13T19:00:00.000Z,4,2021,30,2021-05-13T19:00:00.000Z,12,2021-12,0
2033-05-13T19:00:00.000Z,5,2033,31,2033-06-13T19:00:00.000Z,1,2034-1,0
2011-08-13T19:00:00.000Z,8,2011,31,2011-09-13T19:00:00.000Z,4,2012-4,0
2030-11-13T19:00:00.000Z,11,2030,30,2030-12-13T19:00:00.000Z,7,2031-7,0
2009-12-13T19:00:00.000Z,12,2009,31,2010-01-13T19:00:00.000Z,8,2010-8,0
2047-08-13T19:00:00.000Z,8,2047,31,2047-09-13T19:00:00.000Z,4,2048-4,0
2027-04-13T19:00:00.000Z,4,2027,30,2027-05-13T19:00:00.000Z,12,2027-12,0
2053-09-13T19:00:00.000Z,9,2053,30,2053-10-13T19:00:00.000Z,5,2054-5,0
2012-01-13T19:00:00.000Z,1,2012,31,2012-02-13T19:00:00.000Z,9,2012-9,0
2023-05-13T19:00:00.000Z,5,2023,31,2023-06-13T19:00:00.000Z,1,2024-1,0
2045-12-13T19:00:00.000Z,12,2045,31,2046-01-13T19:00:00.000Z,8,2046-8,0
2003-10-13T19:00:00.000Z,10,2003,31,2003-11-13T19:00:00.000Z,6,2004-6,0
2048-02-13T19:00:00.000Z,2,2048,29,2048-03-13T19:00:00.000Z,10,2048-10,0
2015-07-13T19:00:00.000Z,7,2015,31,2015-08-13T19:00:00.000Z,3,2016-3,0
2025-06-13T19:00:00.000Z,6,2025,30,2025-07-13T19:00:00.000Z,2,2026-2,0
2015-11-13T19:00:00.000Z,11,2015,30,2015-12-13T19:00:00.000Z,7,2016-7,0
2028-07-13T19:00:00.000Z,7,2028,31,2028-08-13T19:00:00.000Z,3,2029-3,0
2018-01-13T19:00:00.000Z,1,2018,31,2018-02-13T19:00:00.000Z,9,2018-9,0
2014-03-13T19:00:00.000Z,3,2014,31,2014-04-13T19:00:00.000Z,11,2014-11,0
2052-08-13T19:00:00.000Z,8,2052,31,2052-09-13T19:00:00.000Z,4,2053-4,0
2032-01-13T19:00:00.000Z,1,2032,31,2032-02-13T19:00:00.000Z,9,2032-9,0
2054-09-13T19:00:00.000Z,9,2054,30,2054-10-13T19:00:00.000Z,5,2055-5,0
2059-12-13T19:00:00.000Z,12,2059,31,2060-01-13T19:00:00.000Z,8,2060-8,0
2014-08-13T19:00:00.000Z,8,2014,31,2014-09-13T19:00:00.000Z,4,2015-4,0
2040-07-13T19:00:00.000Z,7,2040,31,2040-08-13T19:00:00.000Z,3,2041-3,0
2041-10-13T19:00:00.000Z,10,2041,31,2041-11-13T19:00:00.000Z,6,2042-6,0
2044-04-13T19:00:00.000Z,4,2044,30,2044-05-13T19:00:00.000Z,12,2044-12,0
2028-11-13T19:00:00.000Z,11,2028,30,2028-12-13T19:00:00.000Z,7,2029-7,0
2030-01-13T19:00:00.000Z,1,2030,31,2030-02-13T19:00:00.000Z,9,2030-9,0
2046-04-13T19:00:00.000Z,4,2046,30,2046-05-13T19:00:00.000Z,12,2046-12,0
2045-01-13T19:00:00.000Z,1,2045,31,2045-02-13T19:00:00.000Z,9,2045-9,0
2040-12-13T19:00:00.000Z,12,2040,31,2041-01-13T19:00:00.000Z,8,2041-8,0
2054-04-13T19:00:00.000Z,4,2054,30,2054-05-13T19:00:00.000Z,12,2054-12,0
2012-12-13T19:00:00.000Z,12,2012,31,2013-01-13T19:00:00.000Z,8,2013-8,0
2050-08-13T19:00:00.000Z,8,2050,31,2050-09-13T19:00:00.000Z,4,2051-4,0
2013-11-13T19:00:00.000Z,11,2013,30,2013-12-13T19:00:00.000Z,7,2014-7,0
2022-02-13T19:00:00.000Z,2,2022,28,2022-03-13T19:00:00.000Z,10,2022-10,0
2060-04-13T19:00:00.000Z,4,2060,30,2060-05-13T19:00:00.000Z,12,2060-12,0
2000-05-13T19:00:00.000Z,5,2000,31,2000-06-13T19:00:00.000Z,1,2001-1,0
2012-07-13T19:00:00.000Z,7,2012,31,2012-08-13T19:00:00.000Z,3,2013-3,0
2034-08-13T19:00:00.000Z,8,2034,31,2034-09-13T19:00:00.000Z,4,2035-4,0
2043-11-13T19:00:00.000Z,11,2043,30,2043-12-13T19:00:00.000Z,7,2044-7,0
2058-10-13T19:00:00.000Z,10,2058,31,2058-11-13T19:00:00.000Z,6,2059-6,0
2046-01-13T19:00:00.000Z,1,2046,31,2046-02-13T19:00:00.000Z,9,2046-9,0
2008-05-13T19:00:00.000Z,5,2008,31,2008-06-13T18:00:00.000Z,1,2009-1,0
2025-12-13T19:00:00.000Z,12,2025,31,2026-01-13T19:00:00.000Z,8,2026-8,0
2027-10-13T19:00:00.000Z,10,2027,31,2027-11-13T19:00:00.000Z,6,2028-6,0
2051-10-13T19:00:00.000Z,10,2051,31,2051-11-13T19:00:00.000Z,6,2052-6,0
2026-10-13T19:00:00.000Z,10,2026,31,2026-11-13T19:00:00.000Z,6,2027-6,0
2008-09-13T18:00:00.000Z,9,2008,30,2008-10-13T18:00:00.000Z,5,2009-5,0
2045-06-13T19:00:00.000Z,6,2045,30,2045-07-13T19:00:00.000Z,2,2046-2,0
2059-08-13T19:00:00.000Z,8,2059,31,2059-09-13T19:00:00.000Z,4,2060-4,0
2039-12-13T19:00:00.000Z,12,2039,31,2040-01-13T19:00:00.000Z,8,2040-8,0
2005-02-13T19:00:00.000Z,2,2005,28,2005-03-13T19:00:00.000Z,10,2005-10,0
2048-03-13T19:00:00.000Z,3,2048,31,2048-04-13T19:00:00.000Z,11,2048-11,0
2013-04-13T19:00:00.000Z,4,2013,30,2013-05-13T19:00:00.000Z,12,2013-12,0
2000-09-13T19:00:00.000Z,9,2000,30,2000-10-13T19:00:00.000Z,5,2001-5,0
2013-07-13T19:00:00.000Z,7,2013,31,2013-08-13T19:00:00.000Z,3,2014-3,0
2046-12-13T19:00:00.000Z,12,2046,31,2047-01-13T19:00:00.000Z,8,2047-8,0
2032-02-13T19:00:00.000Z,2,2032,29,2032-03-13T19:00:00.000Z,10,2032-10,0
2027-12-13T19:00:00.000Z,12,2027,31,2028-01-13T19:00:00.000Z,8,2028-8,0
2048-12-13T19:00:00.000Z,12,2048,31,2049-01-13T19:00:00.000Z,8,2049-8,0
2023-02-13T19:00:00.000Z,2,2023,28,2023-03-13T19:00:00.000Z,10,2023-10,0
2032-03-13T19:00:00.000Z,3,2032,31,2032-04-13T19:00:00.000Z,11,2032-11,0
2053-10-13T19:00:00.000Z,10,2053,31,2053-11-13T19:00:00.000Z,6,2054-6,0
2013-08-13T19:00:00.000Z,8,2013,31,2013-09-13T19:00:00.000Z,4,2014-4,0
2023-10-13T19:00:00.000Z,10,2023,31,2023-11-13T19:00:00.000Z,6,2024-6,0
2017-01-13T19:00:00.000Z,1,2017,31,2017-02-13T19:00:00.000Z,9,2017-9,0
2052-04-13T19:00:00.000Z,4,2052,30,2052-05-13T19:00:00.000Z,12,2052-12,0
2047-02-13T19:00:00.000Z,2,2047,28,2047-03-13T19:00:00.000Z,10,2047-10,0
2039-10-13T19:00:00.000Z,10,2039,31,2039-11-13T19:00:00.000Z,6,2040-6,0
2024-06-13T19:00:00.000Z,6,2024,30,2024-07-13T19:00:00.000Z,2,2025-2,0
2006-05-13T19:00:00.000Z,5,2006,31,2006-06-13T19:00:00.000Z,1,2007-1,0
2009-11-13T19:00:00.000Z,11,2009,30,2009-12-13T19:00:00.000Z,7,2010-7,0
2057-06-13T19:00:00.000Z,6,2057,30,2057-07-13T19:00:00.000Z,2,2058-2,0
2029-08-13T19:00:00.000Z,8,2029,31,2029-09-13T19:00:00.000Z,4,2030-4,0
2038-05-13T19:00:00.000Z,5,2038,31,2038-06-13T19:00:00.000Z,1,2039-1,0
2055-04-13T19:00:00.000Z,4,2055,30,2055-05-13T19:00:00.000Z,12,2055-12,0
2043-06-13T19:00:00.000Z,6,2043,30,2043-07-13T19:00:00.000Z,2,2044-2,0
2051-05-13T19:00:00.000Z,5,2051,31,2051-06-13T19:00:00.000Z,1,2052-1,0
2049-02-13T19:00:00.000Z,2,2049,28,2049-03-13T19:00:00.000Z,10,2049-10,0
2058-05-13T19:00:00.000Z,5,2058,31,2058-06-13T19:00:00.000Z,1,2059-1,0
2038-09-13T19:00:00.000Z,9,2038,30,2038-10-13T19:00:00.000Z,5,2039-5,0
2039-06-13T19:00:00.000Z,6,2039,30,2039-07-13T19:00:00.000Z,2,2040-2,0
2020-04-13T19:00:00.000Z,4,2020,30,2020-05-13T19:00:00.000Z,12,2020-12,0
2020-10-13T19:00:00.000Z,10,2020,31,2020-11-13T19:00:00.000Z,6,2021-6,0
2044-11-13T19:00:00.000Z,11,2044,30,2044-12-13T19:00:00.000Z,7,2045-7,0
2044-07-13T19:00:00.000Z,7,2044,31,2044-08-13T19:00:00.000Z,3,2045-3,0
2039-03-13T19:00:00.000Z,3,2039,31,2039-04-13T19:00:00.000Z,11,2039-11,0
2029-04-13T19:00:00.000Z,4,2029,30,2029-05-13T19:00:00.000Z,12,2029-12,0
2015-03-13T19:00:00.000Z,3,2015,31,2015-04-13T19:00:00.000Z,11,2015-11,0
2003-04-13T19:00:00.000Z,4,2003,30,2003-05-13T19:00:00.000Z,12,2003-12,0
2032-08-13T19:00:00.000Z,8,2032,31,2032-09-13T19:00:00.000Z,4,2033-4,0
2012-11-13T19:00:00.000Z,11,2012,30,2012-12-13T19:00:00.000Z,7,2013-7,0
2007-10-13T19:00:00.000Z,10,2007,31,2007-11-13T19:00:00.000Z,6,2008-6,0
2006-09-13T19:00:00.000Z,9,2006,30,2006-10-13T19:00:00.000Z,5,2007-5,0
2002-09-13T18:00:00.000Z,9,2002,30,2002-10-13T19:00:00.000Z,5,2003-5,0
2005-05-13T19:00:00.000Z,5,2005,31,2005-06-13T19:00:00.000Z,1,2006-1,0
2010-11-13T19:00:00.000Z,11,2010,30,2010-12-13T19:00:00.000Z,7,2011-7,0
2031-02-13T19:00:00.000Z,2,2031,28,2031-03-13T19:00:00.000Z,10,2031-10,0
2013-01-13T19:00:00.000Z,1,2013,31,2013-02-13T19:00:00.000Z,9,2013-9,0
2040-03-13T19:00:00.000Z,3,2040,31,2040-04-13T19:00:00.000Z,11,2040-11,0
2056-05-13T19:00:00.000Z,5,2056,31,2056-06-13T19:00:00.000Z,1,2057-1,0
2028-12-13T19:00:00.000Z,12,2028,31,2029-01-13T19:00:00.000Z,8,2029-8,0
2037-04-13T19:00:00.000Z,4,2037,30,2037-05-13T19:00:00.000Z,12,2037-12,0
2045-11-13T19:00:00.000Z,11,2045,30,2045-12-13T19:00:00.000Z,7,2046-7,0
2017-08-13T19:00:00.000Z,8,2017,31,2017-09-13T19:00:00.000Z,4,2018-4,0
2040-06-13T19:00:00.000Z,6,2040,30,2040-07-13T19:00:00.000Z,2,2041-2,0
2024-10-13T19:00:00.000Z,10,2024,31,2024-11-13T19:00:00.000Z,6,2025-6,0
2047-07-13T19:00:00.000Z,7,2047,31,2047-08-13T19:00:00.000Z,3,2048-3,0
2057-10-13T19:00:00.000Z,10,2057,31,2057-11-13T19:00:00.000Z,6,2058-6,0
2003-09-13T19:00:00.000Z,9,2003,30,2003-10-13T19:00:00.000Z,5,2004-5,0
2026-06-13T19:00:00.000Z,6,2026,30,2026-07-13T19:00:00.000Z,2,2027-2,0
2019-09-13T19:00:00.000Z,9,2019,30,2019-10-13T19:00:00.000Z,5,2020-5,0
2042-06-13T19:00:00.000Z,6,2042,30,2042-07-13T19:00:00.000Z,2,2043-2,0
2049-05-13T19:00:00.000Z,5,2049,31,2049-06-13T19:00:00.000Z,1,2050-1,0
2042-12-13T19:00:00.000Z,12,2042,31,2043-01-13T19:00:00.000Z,8,2043-8,0
2040-02-13T19:00:00.000Z,2,2040,29,2040-03-13T19:00:00.000Z,10,2040-10,0
2008-10-13T18:00:00.000Z,10,2008,31,2008-11-13T19:00:00.000Z,6,2009-6,0
2002-05-13T18:00:00.000Z,5,2002,31,2002-06-13T18:00:00.000Z,1,2003-1,0
2005-09-13T19:00:00.000Z,9,2005,30,2005-10-13T19:00:00.000Z,5,2006-5,0
2031-08-13T19:00:00.000Z,8,2031,31,2031-09-13T19:00:00.000Z,4,2032-4,0
2028-06-13T19:00:00.000Z,6,2028,30,2028-07-13T19:00:00.000Z,2,2029-2,0
2039-02-13T19:00:00.000Z,2,2039,28,2039-03-13T19:00:00.000Z,10,2039-10,0
2010-07-13T19:00:00.000Z,7,2010,31,2010-08-13T19:00:00.000Z,3,2011-3,0
2043-12-13T19:00:00.000Z,12,2043,31,2044-01-13T19:00:00.000Z,8,2044-8,0
2044-12-13T19:00:00.000Z,12,2044,31,2045-01-13T19:00:00.000Z,8,2045-8,0
2016-08-13T19:00:00.000Z,8,2016,31,2016-09-13T19:00:00.000Z,4,2017-4,0
2058-09-13T19:00:00.000Z,9,2058,30,2058-10-13T19:00:00.000Z,5,2059-5,0
2057-03-13T19:00:00.000Z,3,2057,31,2057-04-13T19:00:00.000Z,11,2057-11,0
2022-10-13T19:00:00.000Z,10,2022,31,2022-11-13T19:00:00.000Z,6,2023-6,0
2047-11-13T19:00:00.000Z,11,2047,30,2047-12-13T19:00:00.000Z,7,2048-7,0
2045-07-13T19:00:00.000Z,7,2045,31,2045-08-13T19:00:00.000Z,3,2046-3,0
2055-10-13T19:00:00.000Z,10,2055,31,2055-11-13T19:00:00.000Z,6,2056-6,0
2014-01-13T19:00:00.000Z,1,2014,31,2014-02-13T19:00:00.000Z,9,2014-9,0
2056-02-13T19:00:00.000Z,2,2056,29,2056-03-13T19:00:00.000Z,10,2056-10,0
2030-08-13T19:00:00.000Z,8,2030,31,2030-09-13T19:00:00.000Z,4,2031-4,0
2051-09-13T19:00:00.000Z,9,2051,30,2051-10-13T19:00:00.000Z,5,2052-5,0
2057-02-13T19:00:00.000Z,2,2057,28,2057-03-13T19:00:00.000Z,10,2057-10,0
2009-07-13T18:00:00.000Z,7,2009,31,2009-08-13T18:00:00.000Z,3,2010-3,0
2012-04-13T19:00:00.000Z,4,2012,30,2012-05-13T19:00:00.000Z,12,2012-12,0
2003-05-13T19:00:00.000Z,5,2003,31,2003-06-13T19:00:00.000Z,1,2004-1,0
2004-09-13T19:00:00.000Z,9,2004,30,2004-10-13T19:00:00.000Z,5,2005-5,0
2027-06-13T19:00:00.000Z,6,2027,30,2027-07-13T19:00:00.000Z,2,2028-2,0
2006-02-13T19:00:00.000Z,2,2006,28,2006-03-13T19:00:00.000Z,10,2006-10,0
2023-03-13T19:00:00.000Z,3,2023,31,2023-04-13T19:00:00.000Z,11,2023-11,0
2001-02-13T19:00:00.000Z,2,2001,28,2001-03-13T19:00:00.000Z,10,2001-10,0
2057-07-13T19:00:00.000Z,7,2057,31,2057-08-13T19:00:00.000Z,3,2058-3,0
2027-11-13T19:00:00.000Z,11,2027,30,2027-12-13T19:00:00.000Z,7,2028-7,0
2059-09-13T19:00:00.000Z,9,2059,30,2059-10-13T19:00:00.000Z,5,2060-5,0
2045-04-13T19:00:00.000Z,4,2045,30,2045-05-13T19:00:00.000Z,12,2045-12,0
2018-08-13T19:00:00.000Z,8,2018,31,2018-09-13T19:00:00.000Z,4,2019-4,0
2042-09-13T19:00:00.000Z,9,2042,30,2042-10-13T19:00:00.000Z,5,2043-5,0
2057-04-13T19:00:00.000Z,4,2057,30,2057-05-13T19:00:00.000Z,12,2057-12,0
2028-10-13T19:00:00.000Z,10,2028,31,2028-11-13T19:00:00.000Z,6,2029-6,0
2044-01-13T19:00:00.000Z,1,2044,31,2044-02-13T19:00:00.000Z,9,2044-9,0
2047-03-13T19:00:00.000Z,3,2047,31,2047-04-13T19:00:00.000Z,11,2047-11,0
2059-03-13T19:00:00.000Z,3,2059,31,2059-04-13T19:00:00.000Z,11,2059-11,0
2003-06-13T19:00:00.000Z,6,2003,30,2003-07-13T19:00:00.000Z,2,2004-2,0
2050-09-13T19:00:00.000Z,9,2050,30,2050-10-13T19:00:00.000Z,5,2051-5,0
2052-01-13T19:00:00.000Z,1,2052,31,2052-02-13T19:00:00.000Z,9,2052-9,0
2004-05-13T19:00:00.000Z,5,2004,31,2004-06-13T19:00:00.000Z,1,2005-1,0
2019-01-13T19:00:00.000Z,1,2019,31,2019-02-13T19:00:00.000Z,9,2019-9,0
2044-02-13T19:00:00.000Z,2,2044,29,2044-03-13T19:00:00.000Z,10,2044-10,0
2000-06-13T19:00:00.000Z,6,2000,30,2000-07-13T19:00:00.000Z,2,2001-2,0
2047-01-13T19:00:00.000Z,1,2047,31,2047-02-13T19:00:00.000Z,9,2047-9,0
2041-03-13T19:00:00.000Z,3,2041,31,2041-04-13T19:00:00.000Z,11,2041-11,0
2014-07-13T19:00:00.000Z,7,2014,31,2014-08-13T19:00:00.000Z,3,2015-3,0
2035-02-13T19:00:00.000Z,2,2035,28,2035-03-13T19:00:00.000Z,10,2035-10,0
2003-12-13T19:00:00.000Z,12,2003,31,2004-01-13T19:00:00.000Z,8,2004-8,0
2050-04-13T19:00:00.000Z,4,2050,30,2050-05-13T19:00:00.000Z,12,2050-12,0
2040-08-13T19:00:00.000Z,8,2040,31,2040-09-13T19:00:00.000Z,4,2041-4,0
2048-07-13T19:00:00.000Z,7,2048,31,2048-08-13T19:00:00.000Z,3,2049-3,0
2054-08-13T19:00:00.000Z,8,2054,31,2054-09-13T19:00:00.000Z,4,2055-4,0
2039-07-13T19:00:00.000Z,7,2039,31,2039-08-13T19:00:00.000Z,3,2040-3,0
2002-10-13T19:00:00.000Z,10,2002,31,2002-11-13T19:00:00.000Z,6,2003-6,0
2018-02-13T19:00:00.000Z,2,2018,28,2018-03-13T19:00:00.000Z,10,2018-10,0
2028-04-13T19:00:00.000Z,4,2028,30,2028-05-13T19:00:00.000Z,12,2028-12,0
2037-07-13T19:00:00.000Z,7,2037,31,2037-08-13T19:00:00.000Z,3,2038-3,0
2041-01-13T19:00:00.000Z,1,2041,31,2041-02-13T19:00:00.000Z,9,2041-9,0
2019-03-13T19:00:00.000Z,3,2019,31,2019-04-13T19:00:00.000Z,11,2019-11,0
2045-09-13T19:00:00.000Z,9,2045,30,2045-10-13T19:00:00.000Z,5,2046-5,0
2031-12-13T19:00:00.000Z,12,2031,31,2032-01-13T19:00:00.000Z,8,2032-8,0
2015-08-13T19:00:00.000Z,8,2015,31,2015-09-13T19:00:00.000Z,4,2016-4,0
2030-03-13T19:00:00.000Z,3,2030,31,2030-04-13T19:00:00.000Z,11,2030-11,0
2025-10-13T19:00:00.000Z,10,2025,31,2025-11-13T19:00:00.000Z,6,2026-6,0
2029-05-13T19:00:00.000Z,5,2029,31,2029-06-13T19:00:00.000Z,1,2030-1,0
2052-03-13T19:00:00.000Z,3,2052,31,2052-04-13T19:00:00.000Z,11,2052-11,0
2056-09-13T19:00:00.000Z,9,2056,30,2056-10-13T19:00:00.000Z,5,2057-5,0
2051-07-13T19:00:00.000Z,7,2051,31,2051-08-13T19:00:00.000Z,3,2052-3,0
2013-03-13T19:00:00.000Z,3,2013,31,2013-04-13T19:00:00.000Z,11,2013-11,0
2016-01-13T19:00:00.000Z,1,2016,31,2016-02-13T19:00:00.000Z,9,2016-9,0
2051-04-13T19:00:00.000Z,4,2051,30,2051-05-13T19:00:00.000Z,12,2051-12,0
2027-05-13T19:00:00.000Z,5,2027,31,2027-06-13T19:00:00.000Z,1,2028-1,0
2017-09-13T19:00:00.000Z,9,2017,30,2017-10-13T19:00:00.000Z,5,2018-5,0
2043-08-13T19:00:00.000Z,8,2043,31,2043-09-13T19:00:00.000Z,4,2044-4,0
2001-05-13T19:00:00.000Z,5,2001,31,2001-06-13T19:00:00.000Z,1,2002-1,0
2001-11-13T19:00:00.000Z,11,2001,30,2001-12-13T19:00:00.000Z,7,2002-7,0
2006-12-13T19:00:00.000Z,12,2006,31,2007-01-13T19:00:00.000Z,8,2007-8,0
2011-07-13T19:00:00.000Z,7,2011,31,2011-08-13T19:00:00.000Z,3,2012-3,0
2059-01-13T19:00:00.000Z,1,2059,31,2059-02-13T19:00:00.000Z,9,2059-9,0
2034-12-13T19:00:00.000Z,12,2034,31,2035-01-13T19:00:00.000Z,8,2035-8,0
2051-12-13T19:00:00.000Z,12,2051,31,2052-01-13T19:00:00.000Z,8,2052-8,0
2005-10-13T19:00:00.000Z,10,2005,31,2005-11-13T19:00:00.000Z,6,2006-6,0
2048-09-13T19:00:00.000Z,9,2048,30,2048-10-13T19:00:00.000Z,5,2049-5,0
2036-03-13T19:00:00.000Z,3,2036,31,2036-04-13T19:00:00.000Z,11,2036-11,0
2020-08-13T19:00:00.000Z,8,2020,31,2020-09-13T19:00:00.000Z,4,2021-4,0
2050-07-13T19:00:00.000Z,7,2050,31,2050-08-13T19:00:00.000Z,3,2051-3,0
2019-10-13T19:00:00.000Z,10,2019,31,2019-11-13T19:00:00.000Z,6,2020-6,0
2034-07-13T19:00:00.000Z,7,2034,31,2034-08-13T19:00:00.000Z,3,2035-3,0
2042-07-13T19:00:00.000Z,7,2042,31,2042-08-13T19:00:00.000Z,3,2043-3,0
2058-03-13T19:00:00.000Z,3,2058,31,2058-04-13T19:00:00.000Z,11,2058-11,0
2007-03-13T19:00:00.000Z,3,2007,31,2007-04-13T19:00:00.000Z,11,2007-11,0
2035-05-13T19:00:00.000Z,5,2035,31,2035-06-13T19:00:00.000Z,1,2036-1,0
2024-01-13T19:00:00.000Z,1,2024,31,2024-02-13T19:00:00.000Z,9,2024-9,0
2034-04-13T19:00:00.000Z,4,2034,30,2034-05-13T19:00:00.000Z,12,2034-12,0
2059-07-13T19:00:00.000Z,7,2059,31,2059-08-13T19:00:00.000Z,3,2060-3,0
2012-08-13T19:00:00.000Z,8,2012,31,2012-09-13T19:00:00.000Z,4,2013-4,0
2029-11-13T19:00:00.000Z,11,2029,30,2029-12-13T19:00:00.000Z,7,2030-7,0
2041-02-13T19:00:00.000Z,2,2041,28,2041-03-13T19:00:00.000Z,10,2041-10,0
2056-04-13T19:00:00.000Z,4,2056,30,2056-05-13T19:00:00.000Z,12,2056-12,0
2058-01-13T19:00:00.000Z,1,2058,31,2058-02-13T19:00:00.000Z,9,2058-9,0
2031-06-13T19:00:00.000Z,6,2031,30,2031-07-13T19:00:00.000Z,2,2032-2,0
2014-09-13T19:00:00.000Z,9,2014,30,2014-10-13T19:00:00.000Z,5,2015-5,0
2037-06-13T19:00:00.000Z,6,2037,30,2037-07-13T19:00:00.000Z,2,2038-2,0
2017-04-13T19:00:00.000Z,4,2017,30,2017-05-13T19:00:00.000Z,12,2017-12,0
2021-05-13T19:00:00.000Z,5,2021,31,2021-06-13T19:00:00.000Z,1,2022-1,0
2033-10-13T19:00:00.000Z,10,2033,31,2033-11-13T19:00:00.000Z,6,2034-6,0
2010-01-13T19:00:00.000Z,1,2010,31,2010-02-13T19:00:00.000Z,9,2010-9,0
2052-11-13T19:00:00.000Z,11,2052,30,2052-12-13T19:00:00.000Z,7,2053-7,0
2037-09-13T19:00:00.000Z,9,2037,30,2037-10-13T19:00:00.000Z,5,2038-5,0
2039-01-13T19:00:00.000Z,1,2039,31,2039-02-13T19:00:00.000Z,9,2039-9,0
2001-03-13T19:00:00.000Z,3,2001,31,2001-04-13T19:00:00.000Z,11,2001-11,0
2007-11-13T19:00:00.000Z,11,2007,30,2007-12-13T19:00:00.000Z,7,2008-7,0
2016-02-13T19:00:00.000Z,2,2016,29,2016-03-13T19:00:00.000Z,10,2016-10,0
2026-12-13T19:00:00.000Z,12,2026,31,2027-01-13T19:00:00.000Z,8,2027-8,0
2022-09-13T19:00:00.000Z,9,2022,30,2022-10-13T19:00:00.000Z,5,2023-5,0
2021-11-13T19:00:00.000Z,11,2021,30,2021-12-13T19:00:00.000Z,7,2022-7,0
2006-07-13T19:00:00.000Z,7,2006,31,2006-08-13T19:00:00.000Z,3,2007-3,0
2048-06-13T19:00:00.000Z,6,2048,30,2048-07-13T19:00:00.000Z,2,2049-2,0
2007-05-13T19:00:00.000Z,5,2007,31,2007-06-13T19:00:00.000Z,1,2008-1,0
2011-04-13T19:00:00.000Z,4,2011,30,2011-05-13T19:00:00.000Z,12,2011-12,0
2007-02-13T19:00:00.000Z,2,2007,28,2007-03-13T19:00:00.000Z,10,2007-10,0
2023-06-13T19:00:00.000Z,6,2023,30,2023-07-13T19:00:00.000Z,2,2024-2,0
2024-03-13T19:00:00.000Z,3,2024,31,2024-04-13T19:00:00.000Z,11,2024-11,0
2046-06-13T19:00:00.000Z,6,2046,30,2046-07-13T19:00:00.000Z,2,2047-2,0
2001-01-13T19:00:00.000Z,1,2001,31,2001-02-13T19:00:00.000Z,9,2001-9,0
2042-10-13T19:00:00.000Z,10,2042,31,2042-11-13T19:00:00.000Z,6,2043-6,0
2049-08-13T19:00:00.000Z,8,2049,31,2049-09-13T19:00:00.000Z,4,2050-4,0
2028-09-13T19:00:00.000Z,9,2028,30,2028-10-13T19:00:00.000Z,5,2029-5,0
2011-12-13T19:00:00.000Z,12,2011,31,2012-01-13T19:00:00.000Z,8,2012-8,0
2036-10-13T19:00:00.000Z,10,2036,31,2036-11-13T19:00:00.000Z,6,2037-6,0
2023-04-13T19:00:00.000Z,4,2023,30,2023-05-13T19:00:00.000Z,12,2023-12,0
2041-11-13T19:00:00.000Z,11,2041,30,2041-12-13T19:00:00.000Z,7,2042-7,0
2013-02-13T19:00:00.000Z,2,2013,28,2013-03-13T19:00:00.000Z,10,2013-10,0
2034-09-13T19:00:00.000Z,9,2034,30,2034-10-13T19:00:00.000Z,5,2035-5,0
2036-01-13T19:00:00.000Z,1,2036,31,2036-02-13T19:00:00.000Z,9,2036-9,0
2031-09-13T19:00:00.000Z,9,2031,30,2031-10-13T19:00:00.000Z,5,2032-5,0
2052-05-13T19:00:00.000Z,5,2052,31,2052-06-13T19:00:00.000Z,1,2053-1,0
2035-11-13T19:00:00.000Z,11,2035,30,2035-12-13T19:00:00.000Z,7,2036-7,0
2035-08-13T19:00:00.000Z,8,2035,31,2035-09-13T19:00:00.000Z,4,2036-4,0
2030-02-13T19:00:00.000Z,2,2030,28,2030-03-13T19:00:00.000Z,10,2030-10,0
2055-11-13T19:00:00.000Z,11,2055,30,2055-12-13T19:00:00.000Z,7,2056-7,0
2060-01-13T19:00:00.000Z,1,2060,31,2060-02-13T19:00:00.000Z,9,2060-9,0
2014-12-13T19:00:00.000Z,12,2014,31,2015-01-13T19:00:00.000Z,8,2015-8,0
2055-05-13T19:00:00.000Z,5,2055,31,2055-06-13T19:00:00.000Z,1,2056-1,0
2011-06-13T19:00:00.000Z,6,2011,30,2011-07-13T19:00:00.000Z,2,2012-2,0
2040-04-13T19:00:00.000Z,4,2040,30,2040-05-13T19:00:00.000Z,12,2040-12,0
2015-05-13T19:00:00.000Z,5,2015,31,2015-06-13T19:00:00.000Z,1,2016-1,0
2020-06-13T19:00:00.000Z,6,2020,30,2020-07-13T19:00:00.000Z,2,2021-2,0
2058-02-13T19:00:00.000Z,2,2058,28,2058-03-13T19:00:00.000Z,10,2058-10,0
2012-03-13T19:00:00.000Z,3,2012,31,2012-04-13T19:00:00.000Z,11,2012-11,0
2040-05-13T19:00:00.000Z,5,2040,31,2040-06-13T19:00:00.000Z,1,2041-1,0
2004-02-13T19:00:00.000Z,2,2004,29,2004-03-13T19:00:00.000Z,10,2004-10,0
2006-04-13T19:00:00.000Z,4,2006,30,2006-05-13T19:00:00.000Z,12,2006-12,0
2025-07-13T19:00:00.000Z,7,2025,31,2025-08-13T19:00:00.000Z,3,2026-3,0
2027-01-13T19:00:00.000Z,1,2027,31,2027-02-13T19:00:00.000Z,9,2027-9,0
2003-08-13T19:00:00.000Z,8,2003,31,2003-09-13T19:00:00.000Z,4,2004-4,0
2004-08-13T19:00:00.000Z,8,2004,31,2004-09-13T19:00:00.000Z,4,2005-4,0
2010-10-13T19:00:00.000Z,10,2010,31,2010-11-13T19:00:00.000Z,6,2011-6,0
2020-12-13T19:00:00.000Z,12,2020,31,2021-01-13T19:00:00.000Z,8,2021-8,0
2033-01-13T19:00:00.000Z,1,2033,31,2033-02-13T19:00:00.000Z,9,2033-9,0
2005-04-13T19:00:00.000Z,4,2005,30,2005-05-13T19:00:00.000Z,12,2005-12,0
2000-08-13T19:00:00.000Z,8,2000,31,2000-09-13T19:00:00.000Z,4,2001-4,0
2017-12-13T19:00:00.000Z,12,2017,31,2018-01-13T19:00:00.000Z,8,2018-8,0
2014-06-13T19:00:00.000Z,6,2014,30,2014-07-13T19:00:00.000Z,2,2015-2,0
2057-12-13T19:00:00.000Z,12,2057,31,2058-01-13T19:00:00.000Z,8,2058-8,0
2022-07-13T19:00:00.000Z,7,2022,31,2022-08-13T19:00:00.000Z,3,2023-3,0
2026-07-13T19:00:00.000Z,7,2026,31,2026-08-13T19:00:00.000Z,3,2027-3,0
2016-11-13T19:00:00.000Z,11,2016,30,2016-12-13T19:00:00.000Z,7,2017-7,0
2016-05-13T19:00:00.000Z,5,2016,31,2016-06-13T19:00:00.000Z,1,2017-1,0
2001-08-13T19:00:00.000Z,8,2001,31,2001-09-13T19:00:00.000Z,4,2002-4,0
2029-03-13T19:00:00.000Z,3,2029,31,2029-04-13T19:00:00.000Z,11,2029-11,0
2023-07-13T19:00:00.000Z,7,2023,31,2023-08-13T19:00:00.000Z,3,2024-3,0
2046-02-13T19:00:00.000Z,2,2046,28,2046-03-13T19:00:00.000Z,10,2046-10,0
2015-12-13T19:00:00.000Z,12,2015,31,2016-01-13T19:00:00.000Z,8,2016-8,0
2024-05-13T19:00:00.000Z,5,2024,31,2024-06-13T19:00:00.000Z,1,2025-1,0
2057-09-13T19:00:00.000Z,9,2057,30,2057-10-13T19:00:00.000Z,5,2058-5,0
2048-10-13T19:00:00.000Z,10,2048,31,2048-11-13T19:00:00.000Z,6,2049-6,0
2056-10-13T19:00:00.000Z,10,2056,31,2056-11-13T19:00:00.000Z,6,2057-6,0
2022-04-13T19:00:00.000Z,4,2022,30,2022-05-13T19:00:00.000Z,12,2022-12,0
2023-12-13T19:00:00.000Z,12,2023,31,2024-01-13T19:00:00.000Z,8,2024-8,0
2040-11-13T19:00:00.000Z,11,2040,30,2040-12-13T19:00:00.000Z,7,2041-7,0
2009-08-13T18:00:00.000Z,8,2009,31,2009-09-13T18:00:00.000Z,4,2010-4,0
2051-06-13T19:00:00.000Z,6,2051,30,2051-07-13T19:00:00.000Z,2,2052-2,0
2029-02-13T19:00:00.000Z,2,2029,28,2029-03-13T19:00:00.000Z,10,2029-10,0
2006-06-13T19:00:00.000Z,6,2006,30,2006-07-13T19:00:00.000Z,2,2007-2,0
2046-08-13T19:00:00.000Z,8,2046,31,2046-09-13T19:00:00.000Z,4,2047-4,0
2045-10-13T19:00:00.000Z,10,2045,31,2045-11-13T19:00:00.000Z,6,2046-6,0
2024-11-13T19:00:00.000Z,11,2024,30,2024-12-13T19:00:00.000Z,7,2025-7,0
2025-02-13T19:00:00.000Z,2,2025,28,2025-03-13T19:00:00.000Z,10,2025-10,0
2042-03-13T19:00:00.000Z,3,2042,31,2042-04-13T19:00:00.000Z,11,2042-11,0
2008-03-13T19:00:00.000Z,3,2008,31,2008-04-13T19:00:00.000Z,11,2008-11,0
2026-09-13T19:00:00.000Z,9,2026,30,2026-10-13T19:00:00.000Z,5,2027-5,0
2039-09-13T19:00:00.000Z,9,2039,30,2039-10-13T19:00:00.000Z,5,2040-5,0
2046-03-13T19:00:00.000Z,3,2046,31,2046-04-13T19:00:00.000Z,11,2046-11,0
2025-09-13T19:00:00.000Z,9,2025,30,2025-10-13T19:00:00.000Z,5,2026-5,0
2028-01-13T19:00:00.000Z,1,2028,31,2028-02-13T19:00:00.000Z,9,2028-9,0
2035-04-13T19:00:00.000Z,4,2035,30,2035-05-13T19:00:00.000Z,12,2035-12,0
2035-01-13T19:00:00.000Z,1,2035,31,2035-02-13T19:00:00.000Z,9,2035-9,0
2032-11-13T19:00:00.000Z,11,2032,30,2032-12-13T19:00:00.000Z,7,2033-7,0
2039-04-13T19:00:00.000Z,4,2039,30,2039-05-13T19:00:00.000Z,12,2039-12,0
2033-09-13T19:00:00.000Z,9,2033,30,2033-10-13T19:00:00.000Z,5,2034-5,0
2032-05-13T19:00:00.000Z,5,2032,31,2032-06-13T19:00:00.000Z,1,2033-1,0
2018-04-13T19:00:00.000Z,4,2018,30,2018-05-13T19:00:00.000Z,12,2018-12,0
2031-07-13T19:00:00.000Z,7,2031,31,2031-08-13T19:00:00.000Z,3,2032-3,0
2037-10-13T19:00:00.000Z,10,2037,31,2037-11-13T19:00:00.000Z,6,2038-6,0
2012-06-13T19:00:00.000Z,6,2012,30,2012-07-13T19:00:00.000Z,2,2013-2,0
2059-06-13T19:00:00.000Z,6,2059,30,2059-07-13T19:00:00.000Z,2,2060-2,0
2038-08-13T19:00:00.000Z,8,2038,31,2038-09-13T19:00:00.000Z,4,2039-4,0
2055-12-13T19:00:00.000Z,12,2055,31,2056-01-13T19:00:00.000Z,8,2056-8,0
2010-04-13T19:00:00.000Z,4,2010,30,2010-05-13T19:00:00.000Z,12,2010-12,0
2019-06-13T19:00:00.000Z,6,2019,30,2019-07-13T19:00:00.000Z,2,2020-2,0
2044-10-13T19:00:00.000Z,10,2044,31,2044-11-13T19:00:00.000Z,6,2045-6,0
2017-07-13T19:00:00.000Z,7,2017,31,2017-08-13T19:00:00.000Z,3,2018-3,0
2059-02-13T19:00:00.000Z,2,2059,28,2059-03-13T19:00:00.000Z,10,2059-10,0
2018-05-13T19:00:00.000Z,5,2018,31,2018-06-13T19:00:00.000Z,1,2019-1,0
2018-11-13T19:00:00.000Z,11,2018,30,2018-12-13T19:00:00.000Z,7,2019-7,0
2025-03-13T19:00:00.000Z,3,2025,31,2025-04-13T19:00:00.000Z,11,2025-11,0
2042-02-13T19:00:00.000Z,2,2042,28,2042-03-13T19:00:00.000Z,10,2042-10,0
2025-01-13T19:00:00.000Z,1,2025,31,2025-02-13T19:00:00.000Z,9,2025-9,0
2047-10-13T19:00:00.000Z,10,2047,31,2047-11-13T19:00:00.000Z,6,2048-6,0
2008-11-13T19:00:00.000Z,11,2008,30,2008-12-13T19:00:00.000Z,7,2009-7,0
2054-11-13T19:00:00.000Z,11,2054,30,2054-12-13T19:00:00.000Z,7,2055-7,0
2033-11-13T19:00:00.000Z,11,2033,30,2033-12-13T19:00:00.000Z,7,2034-7,0
2024-08-13T19:00:00.000Z,8,2024,31,2024-09-13T19:00:00.000Z,4,2025-4,0
2007-04-13T19:00:00.000Z,4,2007,30,2007-05-13T19:00:00.000Z,12,2007-12,0
2003-03-13T19:00:00.000Z,3,2003,31,2003-04-13T19:00:00.000Z,11,2003-11,0
2035-12-13T19:00:00.000Z,12,2035,31,2036-01-13T19:00:00.000Z,8,2036-8,0
2038-12-13T19:00:00.000Z,12,2038,31,2039-01-13T19:00:00.000Z,8,2039-8,0
2034-10-13T19:00:00.000Z,10,2034,31,2034-11-13T19:00:00.000Z,6,2035-6,0
2055-01-13T19:00:00.000Z,1,2055,31,2055-02-13T19:00:00.000Z,9,2055-9,0
2058-08-13T19:00:00.000Z,8,2058,31,2058-09-13T19:00:00.000Z,4,2059-4,0
2005-07-13T19:00:00.000Z,7,2005,31,2005-08-13T19:00:00.000Z,3,2006-3,0
2045-02-13T19:00:00.000Z,2,2045,28,2045-03-13T19:00:00.000Z,10,2045-10,0
2010-09-13T19:00:00.000Z,9,2010,30,2010-10-13T19:00:00.000Z,5,2011-5,0
2020-11-13T19:00:00.000Z,11,2020,30,2020-12-13T19:00:00.000Z,7,2021-7,0
2009-03-13T19:00:00.000Z,3,2009,31,2009-04-13T19:00:00.000Z,11,2009-11,0
2018-07-13T19:00:00.000Z,7,2018,31,2018-08-13T19:00:00.000Z,3,2019-3,0
2035-06-13T19:00:00.000Z,6,2035,30,2035-07-13T19:00:00.000Z,2,2036-2,0
2056-06-13T19:00:00.000Z,6,2056,30,2056-07-13T19:00:00.000Z,2,2057-2,0
2022-01-13T19:00:00.000Z,1,2022,31,2022-02-13T19:00:00.000Z,9,2022-9,0
2051-08-13T19:00:00.000Z,8,2051,31,2051-09-13T19:00:00.000Z,4,2052-4,0
2026-05-13T19:00:00.000Z,5,2026,31,2026-06-13T19:00:00.000Z,1,2027-1,0
2019-12-13T19:00:00.000Z,12,2019,31,2020-01-13T19:00:00.000Z,8,2020-8,0
2024-04-13T19:00:00.000Z,4,2024,30,2024-05-13T19:00:00.000Z,12,2024-12,0
2034-03-13T19:00:00.000Z,3,2034,31,2034-04-13T19:00:00.000Z,11,2034-11,0
2049-12-13T19:00:00.000Z,12,2049,31,2050-01-13T19:00:00.000Z,8,2050-8,0
2052-10-13T19:00:00.000Z,10,2052,31,2052-11-13T19:00:00.000Z,6,2053-6,0
2011-02-13T19:00:00.000Z,2,2011,28,2011-03-13T19:00:00.000Z,10,2011-10,0
2056-12-13T19:00:00.000Z,12,2056,31,2057-01-13T19:00:00.000Z,8,2057-8,0
2038-01-13T19:00:00.000Z,1,2038,31,2038-02-13T19:00:00.000Z,9,2038-9,0
2017-02-13T19:00:00.000Z,2,2017,28,2017-03-13T19:00:00.000Z,10,2017-10,0
2021-08-13T19:00:00.000Z,8,2021,31,2021-09-13T19:00:00.000Z,4,2022-4,0
2033-07-13T19:00:00.000Z,7,2033,31,2033-08-13T19:00:00.000Z,3,2034-3,0
2001-04-13T19:00:00.000Z,4,2001,30,2001-05-13T19:00:00.000Z,12,2001-12,0
2040-01-13T19:00:00.000Z,1,2040,31,2040-02-13T19:00:00.000Z,9,2040-9,0
2008-07-13T18:00:00.000Z,7,2008,31,2008-08-13T18:00:00.000Z,3,2009-3,0
2023-11-13T19:00:00.000Z,11,2023,30,2023-12-13T19:00:00.000Z,7,2024-7,0
2031-10-13T19:00:00.000Z,10,2031,31,2031-11-13T19:00:00.000Z,6,2032-6,0
2037-03-13T19:00:00.000Z,3,2037,31,2037-04-13T19:00:00.000Z,11,2037-11,0
2005-11-13T19:00:00.000Z,11,2005,30,2005-12-13T19:00:00.000Z,7,2006-7,0
2013-09-13T19:00:00.000Z,9,2013,30,2013-10-13T19:00:00.000Z,5,2014-5,0
2054-07-13T19:00:00.000Z,7,2054,31,2054-08-13T19:00:00.000Z,3,2055-3,0
2032-06-13T19:00:00.000Z,6,2032,30,2032-07-13T19:00:00.000Z,2,2033-2,0
2020-02-13T19:00:00.000Z,2,2020,29,2020-03-13T19:00:00.000Z,10,2020-10,0
2039-08-13T19:00:00.000Z,8,2039,31,2039-09-13T19:00:00.000Z,4,2040-4,0
2006-08-13T19:00:00.000Z,8,2006,31,2006-09-13T19:00:00.000Z,4,2007-4,0
2029-06-13T19:00:00.000Z,6,2029,30,2029-07-13T19:00:00.000Z,2,2030-2,0
2050-03-13T19:00:00.000Z,3,2050,31,2050-04-13T19:00:00.000Z,11,2050-11,0
2016-09-13T19:00:00.000Z,9,2016,30,2016-10-13T19:00:00.000Z,5,2017-5,0
2015-06-13T19:00:00.000Z,6,2015,30,2015-07-13T19:00:00.000Z,2,2016-2,0
2011-10-13T19:00:00.000Z,10,2011,31,2011-11-13T19:00:00.000Z,6,2012-6,0
2050-12-13T19:00:00.000Z,12,2050,31,2051-01-13T19:00:00.000Z,8,2051-8,0
2056-01-13T19:00:00.000Z,1,2056,31,2056-02-13T19:00:00.000Z,9,2056-9,0
2043-05-13T19:00:00.000Z,5,2043,31,2043-06-13T19:00:00.000Z,1,2044-1,0
2030-09-13T19:00:00.000Z,9,2030,30,2030-10-13T19:00:00.000Z,5,2031-5,0
2036-07-13T19:00:00.000Z,7,2036,31,2036-08-13T19:00:00.000Z,3,2037-3,0
2002-06-13T18:00:00.000Z,6,2002,30,2002-07-13T18:00:00.000Z,2,2003-2,0
2013-10-13T19:00:00.000Z,10,2013,31,2013-11-13T19:00:00.000Z,6,2014-6,0
2017-06-13T19:00:00.000Z,6,2017,30,2017-07-13T19:00:00.000Z,2,2018-2,0
2041-05-13T19:00:00.000Z,5,2041,31,2041-06-13T19:00:00.000Z,1,2042-1,0
2043-03-13T19:00:00.000Z,3,2043,31,2043-04-13T19:00:00.000Z,11,2043-11,0
2034-02-13T19:00:00.000Z,2,2034,28,2034-03-13T19:00:00.000Z,10,2034-10,0
2013-05-13T19:00:00.000Z,5,2013,31,2013-06-13T19:00:00.000Z,1,2014-1,0
2002-01-13T19:00:00.000Z,1,2002,31,2002-02-13T19:00:00.000Z,9,2002-9,0
2042-08-13T19:00:00.000Z,8,2042,31,2042-09-13T19:00:00.000Z,4,2043-4,0
2049-06-13T19:00:00.000Z,6,2049,30,2049-07-13T19:00:00.000Z,2,2050-2,0
2001-06-13T19:00:00.000Z,6,2001,30,2001-07-13T19:00:00.000Z,2,2002-2,0
2018-12-13T19:00:00.000Z,12,2018,31,2019-01-13T19:00:00.000Z,8,2019-8,0
2003-02-13T19:00:00.000Z,2,2003,28,2003-03-13T19:00:00.000Z,10,2003-10,0
2044-09-13T19:00:00.000Z,9,2044,30,2044-10-13T19:00:00.000Z,5,2045-5,0
2036-11-13T19:00:00.000Z,11,2036,30,2036-12-13T19:00:00.000Z,7,2037-7,0
2050-02-13T19:00:00.000Z,2,2050,28,2050-03-13T19:00:00.000Z,10,2050-10,0
2020-07-13T19:00:00.000Z,7,2020,31,2020-08-13T19:00:00.000Z,3,2021-3,0
2032-04-13T19:00:00.000Z,4,2032,30,2032-05-13T19:00:00.000Z,12,2032-12,0
2053-11-13T19:00:00.000Z,11,2053,30,2053-12-13T19:00:00.000Z,7,2054-7,0
2032-12-13T19:00:00.000Z,12,2032,31,2033-01-13T19:00:00.000Z,8,2033-8,0
2045-03-13T19:00:00.000Z,3,2045,31,2045-04-13T19:00:00.000Z,11,2045-11,0
2027-08-13T19:00:00.000Z,8,2027,31,2027-09-13T19:00:00.000Z,4,2028-4,0
2026-03-13T19:00:00.000Z,3,2026,31,2026-04-13T19:00:00.000Z,11,2026-11,0
2038-06-13T19:00:00.000Z,6,2038,30,2038-07-13T19:00:00.000Z,2,2039-2,0
2043-09-13T19:00:00.000Z,9,2043,30,2043-10-13T19:00:00.000Z,5,2044-5,0
2028-03-13T19:00:00.000Z,3,2028,31,2028-04-13T19:00:00.000Z,11,2028-11,0
2053-07-13T19:00:00.000Z,7,2053,31,2053-08-13T19:00:00.000Z,3,2054-3,0
2015-09-13T19:00:00.000Z,9,2015,30,2015-10-13T19:00:00.000Z,5,2016-5,0
2030-06-13T19:00:00.000Z,6,2030,30,2030-07-13T19:00:00.000Z,2,2031-2,0
2012-02-13T19:00:00.000Z,2,2012,29,2012-03-13T19:00:00.000Z,10,2012-10,0
2009-02-13T19:00:00.000Z,2,2009,28,2009-03-13T19:00:00.000Z,10,2009-10,0
2020-03-13T19:00:00.000Z,3,2020,31,2020-04-13T19:00:00.000Z,11,2020-11,0
2004-12-13T19:00:00.000Z,12,2004,31,2005-01-13T19:00:00.000Z,8,2005-8,0
2015-04-13T19:00:00.000Z,4,2015,30,2015-05-13T19:00:00.000Z,12,2015-12,0
2041-08-13T19:00:00.000Z,8,2041,31,2041-09-13T19:00:00.000Z,4,2042-4,0
2012-05-13T19:00:00.000Z,5,2012,31,2012-06-13T19:00:00.000Z,1,2013-1,0
2003-11-13T19:00:00.000Z,11,2003,30,2003-12-13T19:00:00.000Z,7,2004-7,0
2028-02-13T19:00:00.000Z,2,2028,29,2028-03-13T19:00:00.000Z,10,2028-10,0
2047-09-13T19:00:00.000Z,9,2047,30,2047-10-13T19:00:00.000Z,5,2048-5,0
2050-10-13T19:00:00.000Z,10,2050,31,2050-11-13T19:00:00.000Z,6,2051-6,0
2017-10-13T19:00:00.000Z,10,2017,31,2017-11-13T19:00:00.000Z,6,2018-6,0
2035-07-13T19:00:00.000Z,7,2035,31,2035-08-13T19:00:00.000Z,3,2036-3,0
2048-04-13T19:00:00.000Z,4,2048,30,2048-05-13T19:00:00.000Z,12,2048-12,0
2059-10-13T19:00:00.000Z,10,2059,31,2059-11-13T19:00:00.000Z,6,2060-6,0
2047-05-13T19:00:00.000Z,5,2047,31,2047-06-13T19:00:00.000Z,1,2048-1,0
2018-03-13T19:00:00.000Z,3,2018,31,2018-04-13T19:00:00.000Z,11,2018-11,0
2038-11-13T19:00:00.000Z,11,2038,30,2038-12-13T19:00:00.000Z,7,2039-7,0
2054-12-13T19:00:00.000Z,12,2054,31,2055-01-13T19:00:00.000Z,8,2055-8,0
2053-01-13T19:00:00.000Z,1,2053,31,2053-02-13T19:00:00.000Z,9,2053-9,0
2020-01-13T19:00:00.000Z,1,2020,31,2020-02-13T19:00:00.000Z,9,2020-9,0
2026-08-13T19:00:00.000Z,8,2026,31,2026-09-13T19:00:00.000Z,4,2027-4,0
2033-12-13T19:00:00.000Z,12,2033,31,2034-01-13T19:00:00.000Z,8,2034-8,0
2033-06-13T19:00:00.000Z,6,2033,30,2033-07-13T19:00:00.000Z,2,2034-2,0
2007-08-13T19:00:00.000Z,8,2007,31,2007-09-13T19:00:00.000Z,4,2008-4,0
2012-09-13T19:00:00.000Z,9,2012,30,2012-10-13T19:00:00.000Z,5,2013-5,0
2003-07-13T19:00:00.000Z,7,2003,31,2003-08-13T19:00:00.000Z,3,2004-3,0
2026-02-13T19:00:00.000Z,2,2026,28,2026-03-13T19:00:00.000Z,10,2026-10,0
2033-04-13T19:00:00.000Z,4,2033,30,2033-05-13T19:00:00.000Z,12,2033-12,0
2038-07-13T19:00:00.000Z,7,2038,31,2038-08-13T19:00:00.000Z,3,2039-3,0
2019-07-13T19:00:00.000Z,7,2019,31,2019-08-13T19:00:00.000Z,3,2020-3,0
2000-11-13T19:00:00.000Z,11,2000,30,2000-12-13T19:00:00.000Z,7,2001-7,0
2008-01-13T19:00:00.000Z,1,2008,31,2008-02-13T19:00:00.000Z,9,2008-9,0
2009-05-13T18:00:00.000Z,5,2009,31,2009-06-13T18:00:00.000Z,1,2010-1,0
2054-06-13T19:00:00.000Z,6,2054,30,2054-07-13T19:00:00.000Z,2,2055-2,0
2004-01-13T19:00:00.000Z,1,2004,31,2004-02-13T19:00:00.000Z,9,2004-9,0
2001-12-13T19:00:00.000Z,12,2001,31,2002-01-13T19:00:00.000Z,8,2002-8,0
2018-06-13T19:00:00.000Z,6,2018,30,2018-07-13T19:00:00.000Z,2,2019-2,0
2059-04-13T19:00:00.000Z,4,2059,30,2059-05-13T19:00:00.000Z,12,2059-12,0
2014-10-13T19:00:00.000Z,10,2014,31,2014-11-13T19:00:00.000Z,6,2015-6,0
2022-08-13T19:00:00.000Z,8,2022,31,2022-09-13T19:00:00.000Z,4,2023-4,0
2006-11-13T19:00:00.000Z,11,2006,30,2006-12-13T19:00:00.000Z,7,2007-7,0
2019-11-13T19:00:00.000Z,11,2019,30,2019-12-13T19:00:00.000Z,7,2020-7,0
2009-09-13T18:00:00.000Z,9,2009,30,2009-10-13T18:00:00.000Z,5,2010-5,0
2023-01-13T19:00:00.000Z,1,2023,31,2023-02-13T19:00:00.000Z,9,2023-9,0
2010-02-13T19:00:00.000Z,2,2010,28,2010-03-13T19:00:00.000Z,10,2010-10,0
2011-03-13T19:00:00.000Z,3,2011,31,2011-04-13T19:00:00.000Z,11,2011-11,0
2044-05-13T19:00:00.000Z,5,2044,31,2044-06-13T19:00:00.000Z,1,2045-1,0
2000-07-13T19:00:00.000Z,7,2000,31,2000-08-13T19:00:00.000Z,3,2001-3,0
2019-02-13T19:00:00.000Z,2,2019,28,2019-03-13T19:00:00.000Z,10,2019-10,0
2035-03-13T19:00:00.000Z,3,2035,31,2035-04-13T19:00:00.000Z,11,2035-11,0
2036-06-13T19:00:00.000Z,6,2036,30,2036-07-13T19:00:00.000Z,2,2037-2,0
2002-12-13T19:00:00.000Z,12,2002,31,2003-01-13T19:00:00.000Z,8,2003-8,0
2005-01-13T19:00:00.000Z,1,2005,31,2005-02-13T19:00:00.000Z,9,2005-9,0
2004-07-13T19:00:00.000Z,7,2004,31,2004-08-13T19:00:00.000Z,3,2005-3,0
2011-09-13T19:00:00.000Z,9,2011,30,2011-10-13T19:00:00.000Z,5,2012-5,0
2027-02-13T19:00:00.000Z,2,2027,28,2027-03-13T19:00:00.000Z,10,2027-10,0
2034-06-13T19:00:00.000Z,6,2034,30,2034-07-13T19:00:00.000Z,2,2035-2,0
2030-10-13T19:00:00.000Z,10,2030,31,2030-11-13T19:00:00.000Z,6,2031-6,0
2036-02-13T19:00:00.000Z,2,2036,29,2036-03-13T19:00:00.000Z,10,2036-10,0
2051-11-13T19:00:00.000Z,11,2051,30,2051-12-13T19:00:00.000Z,7,2052-7,0
2016-10-13T19:00:00.000Z,10,2016,31,2016-11-13T19:00:00.000Z,6,2017-6,0
2046-09-13T19:00:00.000Z,9,2046,30,2046-10-13T19:00:00.000Z,5,2047-5,0
2002-03-13T19:00:00.000Z,3,2002,31,2002-04-13T18:00:00.000Z,11,2002-11,0
2025-08-13T19:00:00.000Z,8,2025,31,2025-09-13T19:00:00.000Z,4,2026-4,0
2008-04-13T19:00:00.000Z,4,2008,30,2008-05-13T19:00:00.000Z,12,2008-12,0
2002-11-13T19:00:00.000Z,11,2002,30,2002-12-13T19:00:00.000Z,7,2003-7,0
2055-08-13T19:00:00.000Z,8,2055,31,2055-09-13T19:00:00.000Z,4,2056-4,0
2011-05-13T19:00:00.000Z,5,2011,31,2011-06-13T19:00:00.000Z,1,2012-1,0
2058-11-13T19:00:00.000Z,11,2058,30,2058-12-13T19:00:00.000Z,7,2059-7,0
2001-07-13T19:00:00.000Z,7,2001,31,2001-08-13T19:00:00.000Z,3,2002-3,0
2060-02-13T19:00:00.000Z,2,2060,29,2060-03-13T19:00:00.000Z,10,2060-10,0
2004-11-13T19:00:00.000Z,11,2004,30,2004-12-13T19:00:00.000Z,7,2005-7,0
2060-03-13T19:00:00.000Z,3,2060,31,2060-04-13T19:00:00.000Z,11,2060-11,0
2050-06-13T19:00:00.000Z,6,2050,30,2050-07-13T19:00:00.000Z,2,2051-2,0
2041-04-13T19:00:00.000Z,4,2041,30,2041-05-13T19:00:00.000Z,12,2041-12,0
2027-03-13T19:00:00.000Z,3,2027,31,2027-04-13T19:00:00.000Z,11,2027-11,0
2049-07-13T19:00:00.000Z,7,2049,31,2049-08-13T19:00:00.000Z,3,2050-3,0
2056-11-13T19:00:00.000Z,11,2056,30,2056-12-13T19:00:00.000Z,7,2057-7,0
2036-12-13T19:00:00.000Z,12,2036,31,2037-01-13T19:00:00.000Z,8,2037-8,0
2049-11-13T19:00:00.000Z,11,2049,30,2049-12-13T19:00:00.000Z,7,2050-7,0
2057-08-13T19:00:00.000Z,8,2057,31,2057-09-13T19:00:00.000Z,4,2058-4,0
2015-10-13T19:00:00.000Z,10,2015,31,2015-11-13T19:00:00.000Z,6,2016-6,0
2023-08-13T19:00:00.000Z,8,2023,31,2023-09-13T19:00:00.000Z,4,2024-4,0
2037-12-13T19:00:00.000Z,12,2037,31,2038-01-13T19:00:00.000Z,8,2038-8,0
2046-05-13T19:00:00.000Z,5,2046,31,2046-06-13T19:00:00.000Z,1,2047-1,0
2052-02-13T19:00:00.000Z,2,2052,29,2052-03-13T19:00:00.000Z,10,2052-10,0
2029-10-13T19:00:00.000Z,10,2029,31,2029-11-13T19:00:00.000Z,6,2030-6,0
2053-03-13T19:00:00.000Z,3,2053,31,2053-04-13T19:00:00.000Z,11,2053-11,0
2002-02-13T19:00:00.000Z,2,2002,28,2002-03-13T19:00:00.000Z,10,2002-10,0
2016-04-13T19:00:00.000Z,4,2016,30,2016-05-13T19:00:00.000Z,12,2016-12,0
2056-07-13T19:00:00.000Z,7,2056,31,2056-08-13T19:00:00.000Z,3,2057-3,0
2021-01-13T19:00:00.000Z,1,2021,31,2021-02-13T19:00:00.000Z,9,2021-9,0
2000-12-13T19:00:00.000Z,12,2000,31,2001-01-13T19:00:00.000Z,8,2001-8,0
2053-02-13T19:00:00.000Z,2,2053,28,2053-03-13T19:00:00.000Z,10,2053-10,0
2002-07-13T18:00:00.000Z,7,2002,31,2002-08-13T18:00:00.000Z,3,2003-3,0
2010-05-13T19:00:00.000Z,5,2010,31,2010-06-13T19:00:00.000Z,1,2011-1,0
2007-01-13T19:00:00.000Z,1,2007,31,2007-02-13T19:00:00.000Z,9,2007-9,0
